id,url
00,https://mailchi.mp/wnti/wnti-brieft-los-und-ldt-zur-blattkritik?e=1f1ad467d3
01,https://mailchi.mp/wnti/die-stadt-das-velo-und-wir?e=1f1ad467d3
02,
03,https://mailchi.mp/wnti/letzter-grosser-umbau-am-lagerplatz-0iv4htyt08?e=1f1ad467d3
04,https://mailchi.mp/wnti/architekturschatz-in-den-quartieren?e=1f1ad467d3
05,https://mailchi.mp/wnti/der-fcw-erkmpft-sich-einen-sieg-und-der-biber-legt-sich-schlafe?e=1f1ad467d3
06,https://mailchi.mp/wnti/seit-zehn-jahren-tanzen-und-torkeln-studis-im-trmli?e=1f1ad467d3
07,
08,https://mailchi.mp/wnti/das-prozentchen-das-bewegt?e=1f1ad467d3
09,
10,https://mailchi.mp/wnti/auf-den-spuren-des-eulach-biber?e=1f1ad467d3
11,https://mailchi.mp/wnti/badisaison-ahoi-das-wolfi-feiert-seinen-88-geburtstag?e=1f1ad467d3
12,
13,
14,https://mailchi.mp/wnti/freispruch-im-1-mai-prozess-und-schlechte-nachrichten-fr-winterthurer-rugby-fans?e=1f1ad467d3
15,https://mailchi.mp/wnti/wer-wird-stapi?e=1f1ad467d3
16,https://mailchi.mp/wnti/historische-loks-bedroht?e=1f1ad467d3
17,https://mailchi.mp/wnti/nicht-jeder-goldhndler-glnzt?e=1f1ad467d3
18,https://mailchi.mp/wnti/ur-sprung-wie-aus-einer-kirche-eine-pop-up-galerie-wurde-zbfnevq59k?e=1f1ad467d3
19,https://mailchi.mp/wnti/ur-sprung-wie-aus-einer-kirche-eine-pop-up-galerie-wurde-zbfnevq59k?e=1f1ad467d3
19p,https://mailchi.mp/wnti/zu-alt-zu-wenig-frauen-aber-besser-als-viele-meinen?e=1f1ad467d3
20,https://mailchi.mp/wnti/das-fotomuseum-feiert-wiedererffnung?e=1f1ad467d3
21,https://mailchi.mp/wnti/auf-spuren-von-seen-in-winterthur?e=1f1ad467d3
22,
23,https://mailchi.mp/wnti/quo-vadis-sommertheater?e=1f1ad467d3
24,https://mailchi.mp/wnti/die-frackwoche-wird-100-jahre-alt-ein-historischer-berblick-a2ya6pqze9?e=1f1ad467d3
25,https://mailchi.mp/wnti/hallo-sommer-hallo-musik-hzjbmb6afs?e=1f1ad467d3
26,https://mailchi.mp/wnti/secondhand-im-trend?e=1f1ad467d3
27,https://mailchi.mp/wnti/bauen-mit-gebrauchtem-ein-pionierbetrieb-denkt-weiter?e=1f1ad467d3
28,https://mailchi.mp/wnti/brunchen-mit-der-nachbarschaft-nix-fr-dich?e=1f1ad467d3
29,
30,https://mailchi.mp/wnti/mit-dem-velo-auf-safari-fkoe43u0zb?e=1f1ad467d3
31,https://mailchi.mp/wnti/mattea-meyer-und-nik-gugger-zwei-krftige-stimmen-in-bern?e=1f1ad467d3
32,
33,https://mailchi.mp/wnti/warum-machen-schwmbis-minus?e=1f1ad467d3
33p,https://mailchi.mp/wnti/ber-tempo-30-entscheiden-die-gemeinden?e=1f1ad467d3
34,https://mailchi.mp/wnti/vom-kloster-zum-urbanen-campus?e=1f1ad467d3
35,https://mailchi.mp/wnti/afro-pfingsten-und-das-koloniale-erbe-winterthurs?e=1f1ad467d3
36,https://mailchi.mp/wnti/zukunft-bahnhof-winterthur?e=1f1ad467d3
37,https://mailchi.mp/wnti/gruss-aus-den-nassen-pfingstlagern?e=1f1ad467d3
38,https://mailchi.mp/wnti/winterthur-sucht-die-jungen-schachschweizermeister-2m8w84bp57?e=1f1ad467d3
39,https://mailchi.mp/wnti/wegen-lrm-zum-sturmgewehr-gegriffen?e=1f1ad467d3
40,https://mailchi.mp/wnti/wie-klimafreundlich-isst-winti?e=1f1ad467d3
41,https://mailchi.mp/wnti/erste-wohngruppe-fr-magerschtige-geplant?e=1f1ad467d3
42,https://mailchi.mp/wnti/dings-das-lido-an-der-tss-94h849pfpk?e=1f1ad467d3
43,https://mailchi.mp/wnti/schweres-gert-und-luftige-tanzschritte-in-der-nagli?e=1f1ad467d3
44,https://mailchi.mp/wnti/winti-wird-abgeklrt-8gvyutcw77?e=1f1ad467d3
45,https://mailchi.mp/wnti/versteckte-kinder-und-getrennte-familien-das-schicksal-vieler-migrantischer-familien?e=1f1ad467d3
46,https://mailchi.mp/wnti/winterthur-wird-zur-pickleball-hochburg?e=1f1ad467d3
47,https://mailchi.mp/wnti/verstorbene-beim-namen-nennen-xbmf9hacce?e=1f1ad467d3
48,https://mailchi.mp/wnti/adhs-oder-nicht-wie-geht-es-weiter-236kasc6vu?e=1f1ad467d3
49,https://mailchi.mp/wnti/das-fest-der-vereine-aber-welcher?e=1f1ad467d3
50,https://mailchi.mp/wnti/bare-ware-packt-ein-und-erfindet-sich-dabei-neu-ip7duouqy0?e=1f1ad467d3
